file,posture_confirmed,anyone_lying,notes
seg-1786801636437-av_001.jpg,,,
seg-1786804235272-av_028.jpg,,,
seg-1786804355436-av_021.jpg,,,
seg-1786804415523-av_003.jpg,,,
seg-1786805977732-av_011.jpg,,,
seg-1786805977732-av_013.jpg,,,
seg-1786806278120-av_004.jpg,,,
seg-1786806698742-av_016.jpg,,,
seg-1786806698742-av_017.jpg,,,
seg-1786806818914-av_015.jpg,,,
seg-1786806818914-av_022.jpg,,,
seg-1786807660104-av_001.jpg,,,
seg-1786808020611-v_025.jpg,,,
seg-1786809222281-av_001.jpg,,,
seg-1786809522736-av_013.jpg,,,
seg-1786809763082-av_022.jpg,,,
seg-1786809763082-av_024.jpg,,,
seg-1786810904385-av_023.jpg,,,
seg-1786811986036-av_001.jpg,,,
seg-1786900072899-av_023.jpg,,,
seg-1786901215621-av_030.jpg,,,
seg-1786901275755-av_003.jpg,,,
seg-1786901275755-av_004.jpg,,,
seg-1786902117861-av_013.jpg,,,
seg-1786902117861-av_014.jpg,,,
seg-1786920103698-av_001.jpg,,,
seg-1786920284170-av_001.jpg,,,
seg-1786920284170-av_016.jpg,,,
seg-1786954340579-av_002.jpg,,,
seg-1786954400777-av_001.jpg,,,
seg-1786954460958-av_004.jpg,,,
seg-1786954942326-av_006.jpg,,,
seg-1786955062780-av_029.jpg,,,
seg-1786955363728-av_007.jpg,,,
seg-1786955664592-av_002.jpg,,,
seg-1786955845082-av_026.jpg,,,
seg-1786955905267-av_013.jpg,,,
seg-1786956025611-av_012.jpg,,,
seg-1786956025611-av_025.jpg,,,
seg-1786957349768-av_009.jpg,,,
seg-1786957770964-av_026.jpg,,,
seg-1786957891327-av_030.jpg,,,
seg-1786958011674-av_029.jpg,,,
seg-1786959576565-av_011.jpg,,,
seg-1786960058033-av_010.jpg,,,
seg-1786960118220-av_027.jpg,,,
seg-1786960479364-av_014.jpg,,,
seg-1786960539546-av_002.jpg,,,
seg-1786961261847-av_021.jpg,,,
seg-1786961382221-av_004.jpg,,,
seg-1786961683193-av_013.jpg,,,
seg-1786963368348-av_021.jpg,,,
seg-1786965173955-av_004.jpg,,,
seg-1786965535152-av_009.jpg,,,
seg-1786966257331-av_008.jpg,,,
seg-1786966738772-av_013.jpg,,,
seg-1786969146480-av_005.jpg,,,
seg-1786969627946-av_010.jpg,,,
seg-1786969808498-av_005.jpg,,,
seg-1786970711344-av_020.jpg,,,
seg-1786971794714-av_011.jpg,,,
seg-1786971915070-av_016.jpg,,,
seg-1786971915070-av_027.jpg,,,
seg-1786971975259-av_009.jpg,,,
seg-1786972396631-av_021.jpg,,,
seg-1786972456822-av_017.jpg,,,
seg-1786972516995-av_013.jpg,,,
seg-1786972577277-av_010.jpg,,,
seg-1786972577277-av_029.jpg,,,
seg-1786972697626-av_013.jpg,,,
seg-1786972697626-av_014.jpg,,,
seg-1786972817990-av_022.jpg,,,
seg-1786972878172-av_017.jpg,,,
seg-1786972938354-av_011.jpg,,,
seg-1786972938354-av_015.jpg,,,
seg-1786972998485-av_001.jpg,,,
seg-1786973118914-av_013.jpg,,,
seg-1786973179093-av_021.jpg,,,
seg-1786973179093-av_025.jpg,,,
seg-1786973239276-av_003.jpg,,,
seg-1786973299465-av_006.jpg,,,
seg-1786973479957-av_022.jpg,,,
seg-1786973479957-av_023.jpg,,,
seg-1786973780902-av_011.jpg,,,
seg-1786973901222-av_016.jpg,,,
seg-1786973901222-av_030.jpg,,,
seg-1786973961404-av_012.jpg,,,
seg-1786974021561-av_023.jpg,,,
seg-1786974081762-av_005.jpg,,,
seg-1786974081762-av_012.jpg,,,
seg-1786974141945-av_022.jpg,,,
seg-1786974202197-av_007.jpg,,,
seg-1786974262367-av_009.jpg,,,
seg-1786974382725-av_020.jpg,,,
seg-1786974503094-av_003.jpg,,,
seg-1786974503094-av_021.jpg,,,
seg-1786974563270-av_002.jpg,,,
seg-1786974563270-av_007.jpg,,,
seg-1786974623405-av_011.jpg,,,
seg-1786974683596-av_019.jpg,,,
seg-1786974804004-av_008.jpg,,,
seg-1786974804004-av_010.jpg,,,
seg-1786974864190-av_005.jpg,,,
seg-1786974864190-av_025.jpg,,,
seg-1786974984554-av_003.jpg,,,
seg-1786975044733-av_006.jpg,,,
seg-1786975044733-av_028.jpg,,,
seg-1786975104918-av_010.jpg,,,
seg-1786975104918-av_027.jpg,,,
seg-1786975165104-av_020.jpg,,,
seg-1786975165104-av_029.jpg,,,
seg-1786975285516-av_007.jpg,,,
seg-1786975345703-av_025.jpg,,,
seg-1786975345703-av_026.jpg,,,
seg-1786975405880-av_018.jpg,,,
seg-1786975466056-av_014.jpg,,,
seg-1786975466056-av_015.jpg,,,
seg-1786976609817-av_002.jpg,,,
seg-1786976609817-av_026.jpg,,,
seg-1786977452569-av_001.jpg,,,
seg-1786977512753-av_030.jpg,,,
seg-1786978897074-av_020.jpg,,,
seg-1786980161219-av_020.jpg,,,
seg-1786980221381-av_020.jpg,,,
seg-1786980943751-av_029.jpg,,,
seg-1786981244723-av_021.jpg,,,
seg-1786981244723-av_027.jpg,,,
seg-1786983833268-av_027.jpg,,,
seg-1786983833268-av_029.jpg,,,
seg-1786983953652-av_009.jpg,,,
seg-1786983953652-av_011.jpg,,,
seg-1786984194454-av_021.jpg,,,
seg-1786984495417-av_028.jpg,,,
seg-1786984495417-av_030.jpg,,,
seg-1786984615836-av_025.jpg,,,
seg-1786985277969-av_001.jpg,,,
seg-1786985277969-av_029.jpg,,,
seg-1786985338156-av_014.jpg,,,
seg-1786985398429-av_024.jpg,,,
seg-1786985398429-av_026.jpg,,,
seg-1786985458606-av_010.jpg,,,
seg-1786985518805-av_025.jpg,,,
seg-1786985940199-av_024.jpg,,,
seg-1786985940199-av_030.jpg,,,
seg-1786986000394-av_006.jpg,,,
seg-1786986060580-av_016.jpg,,,
seg-1786986060580-av_024.jpg,,,
seg-1786986120766-av_017.jpg,,,
seg-1786986180944-av_017.jpg,,,
seg-1786986180944-av_018.jpg,,,
seg-1787043196455-av_018.jpg,,,
seg-1787043196455-av_021.jpg,,,
seg-1787044236661-av_001.jpg,,,
seg-1787044501311-av_029.jpg,,,
seg-1787044561567-av_001.jpg,,,
seg-1787044561567-av_015.jpg,,,
seg-1787046006384-av_008.jpg,,,
seg-1787046186971-av_023.jpg,,,
seg-1787046797461-av_010.jpg,,,
seg-1787046797461-av_014.jpg,,,
seg-1787046928582-av_001.jpg,,,
seg-1787047109135-av_013.jpg,,,
seg-1787047480597-v_010.jpg,,,
seg-1787047601025-av_005.jpg,,,
seg-1787047962216-av_027.jpg,,,
seg-1787048270085-av_026.jpg,,,
seg-1787048330272-av_014.jpg,,,
seg-1787048450650-av_001.jpg,,,
seg-1787048450650-av_026.jpg,,,
seg-1787048510930-av_028.jpg,,,
seg-1787048510930-av_030.jpg,,,
seg-1787048571115-av_001.jpg,,,
seg-1787048571115-av_010.jpg,,,
seg-1787048631317-av_006.jpg,,,
seg-1787048751707-av_009.jpg,,,
seg-1787048872089-av_007.jpg,,,
seg-1787048872089-av_008.jpg,,,
seg-1787048932253-av_011.jpg,,,
seg-1787048992444-av_004.jpg,,,
seg-1787049052702-av_011.jpg,,,
seg-1787050312294-av_025.jpg,,,
seg-1787050847350-av_026.jpg,,,
seg-1787050847350-av_027.jpg,,,
seg-1787050967730-av_014.jpg,,,
seg-1787050967730-av_028.jpg,,,
seg-1787051567671-av_009.jpg,,,
seg-1787052410602-av_018.jpg,,,
seg-1787052470793-av_014.jpg,,,
seg-1787052470793-av_015.jpg,,,
seg-1787052530991-av_027.jpg,,,
seg-1787052591187-av_006.jpg,,,
seg-1787052591187-av_007.jpg,,,
seg-1787052651428-av_008.jpg,,,
seg-1787052892225-av_028.jpg,,,
seg-1787053735066-av_009.jpg,,,
seg-1787053735066-av_028.jpg,,,
seg-1787054156429-av_002.jpg,,,
seg-1787054457482-av_003.jpg,,,
seg-1787054457482-av_004.jpg,,,
seg-1787054577887-av_025.jpg,,,
seg-1787054638089-av_001.jpg,,,
seg-1787054638089-av_004.jpg,,,
seg-1787054818751-av_021.jpg,,,
seg-1787054818751-av_023.jpg,,,
seg-1787054999355-av_022.jpg,,,
seg-1787055059562-av_024.jpg,,,
seg-1787057106697-av_017.jpg,,,
seg-1787057949558-av_027.jpg,,,
seg-1787057949558-av_028.jpg,,,
seg-1787058130163-av_004.jpg,,,
seg-1787058190353-av_021.jpg,,,
seg-1787058250605-av_012.jpg,,,
seg-1787058491479-av_003.jpg,,,
seg-1787058551674-av_026.jpg,,,
seg-1787058611875-av_028.jpg,,,
seg-1787058912925-av_018.jpg,,,
seg-1787059575098-av_005.jpg,,,
seg-1787059575098-av_021.jpg,,,
seg-1787060125057-av_026.jpg,,,
seg-1787062127698-av_001.jpg,,,
seg-1787064161106-av_027.jpg,,,
seg-1787064920307-av_001.jpg,,,
seg-1787064920307-av_002.jpg,,,
seg-1787065100959-av_015.jpg,,,
seg-1787067422414-av_024.jpg,,,
seg-1787067482576-av_012.jpg,,,
seg-1787068189360-av_018.jpg,,,
seg-1787068189360-av_019.jpg,,,
seg-1787068249558-av_002.jpg,,,
seg-1787069722195-av_023.jpg,,,
seg-1787080633305-av_001.jpg,,,
seg-1787080874119-av_015.jpg,,,
seg-1787080994568-av_029.jpg,,,
seg-1787081054764-av_013.jpg,,,
seg-1787081175154-av_028.jpg,,,
seg-1787081355720-av_026.jpg,,,
seg-1787083754668-av_001.jpg,,,
seg-1787084502427-av_003.jpg,,,
seg-1787085044163-av_020.jpg,,,
seg-1787085164614-av_017.jpg,,,
seg-1787086077942-av_001.jpg,,,
seg-1787086258580-av_001.jpg,,,
seg-1787086258580-av_009.jpg,,,
seg-1787086517773-av_011.jpg,,,
seg-1787086698241-av_008.jpg,,,
seg-1787086761629-av_027.jpg,,,
seg-1787086761629-av_029.jpg,,,
seg-1787086821845-av_021.jpg,,,
seg-1787087002388-av_009.jpg,,,
seg-1787087062518-av_024.jpg,,,
seg-1787087122701-av_003.jpg,,,
seg-1787087431038-av_014.jpg,,,
seg-1787087731867-av_029.jpg,,,
seg-1787087792005-av_001.jpg,,,
seg-1787088733007-av_030.jpg,,,
seg-1787089635881-av_027.jpg,,,
seg-1787089696024-av_014.jpg,,,
seg-1787090237708-av_004.jpg,,,
seg-1787090237708-av_007.jpg,,,
seg-1787090887295-av_001.jpg,,,
seg-1787090887295-av_007.jpg,,,
seg-1787092511953-av_013.jpg,,,
seg-1787093414730-av_028.jpg,,,
seg-1787346245142-av_001.jpg,,,
seg-1787346903329-av_022.jpg,,,
seg-1787394124537-av_018.jpg,,,
seg-1787394124537-av_023.jpg,,,
seg-1787394184730-av_007.jpg,,,
seg-1787394184730-av_009.jpg,,,
seg-1787394244894-av_006.jpg,,,
seg-1787394305021-av_007.jpg,,,
seg-1787394425290-av_012.jpg,,,
seg-1787394485482-av_023.jpg,,,
seg-1787394485482-av_025.jpg,,,
seg-1787394545636-av_009.jpg,,,
seg-1787394545636-av_010.jpg,,,
seg-1787394605787-av_026.jpg,,,
seg-1787394666004-av_002.jpg,,,
seg-1787394726426-av_010.jpg,,,
seg-1787394726426-av_011.jpg,,,
seg-1787394786851-av_011.jpg,,,
seg-1787394786851-av_018.jpg,,,
seg-1787394974007-av_018.jpg,,,
seg-1787395034148-av_004.jpg,,,
seg-1787395154651-av_001.jpg,,,
seg-1787395154651-av_007.jpg,,,
seg-1787395214790-av_003.jpg,,,
seg-1787395335173-av_001.jpg,,,
seg-1787395696992-av_030.jpg,,,
seg-1787395757200-av_008.jpg,,,
seg-1787395757200-av_009.jpg,,,
seg-1787395817475-av_010.jpg,,,
seg-1787395877643-av_019.jpg,,,
seg-1787395937800-av_028.jpg,,,
seg-1787395997983-av_002.jpg,,,
seg-1787396058237-av_004.jpg,,,
seg-1787396058237-av_020.jpg,,,
seg-1787396164226-av_021.jpg,,,
seg-1787396525271-av_003.jpg,,,
seg-1787396645683-av_013.jpg,,,
seg-1787396705813-av_004.jpg,,,
seg-1787396766077-av_024.jpg,,,
seg-1787396766077-av_030.jpg,,,
seg-1787396826265-av_014.jpg,,,
seg-1787396886424-av_015.jpg,,,
seg-1787396886424-av_019.jpg,,,
seg-1787396946579-av_012.jpg,,,
seg-1787396946579-av_022.jpg,,,
seg-1787397006770-av_030.jpg,,,
seg-1787397067225-av_002.jpg,,,
seg-1787397067225-av_015.jpg,,,
seg-1787397127376-av_003.jpg,,,
seg-1787397127376-av_010.jpg,,,
seg-1787397187808-av_010.jpg,,,
seg-1787397187808-av_022.jpg,,,
seg-1787397308327-av_002.jpg,,,
seg-1787397850033-av_014.jpg,,,
seg-1787398030497-av_025.jpg,,,
seg-1787398030497-av_028.jpg,,,
seg-1787429482982-av_008.jpg,,,
seg-1787429648095-av_026.jpg,,,
seg-1787431956886-av_018.jpg,,,
seg-1787432017034-av_014.jpg,,,
seg-1787432017034-av_023.jpg,,,
seg-1787432318161-av_012.jpg,,,
seg-1787432318161-av_015.jpg,,,
seg-1787432438584-av_023.jpg,,,
seg-1787432920486-av_014.jpg,,,
seg-1787432980708-av_007.jpg,,,
seg-1787435054724-av_002.jpg,,,
seg-1787435114896-av_004.jpg,,,
seg-1787435295551-av_028.jpg,,,
seg-1787467663566-av_007.jpg,,,
seg-1787467663566-av_021.jpg,,,
seg-1787467964587-av_026.jpg,,,
seg-1787468145262-av_013.jpg,,,
seg-1787468145262-av_026.jpg,,,
seg-1787468265607-av_009.jpg,,,
seg-1787468265607-av_016.jpg,,,
seg-1787468385921-av_005.jpg,,,
seg-1787468385921-av_019.jpg,,,
seg-1787468446078-av_004.jpg,,,
seg-1787468446078-av_021.jpg,,,
seg-1787468927829-av_007.jpg,,,
seg-1787468927829-av_016.jpg,,,
seg-1787469048229-av_001.jpg,,,
seg-1787477133310-av_024.jpg,,,
seg-1787477313855-av_001.jpg,,,
seg-1787477313855-av_006.jpg,,,
seg-1787477794478-av_001.jpg,,,
seg-1787477915065-av_030.jpg,,,
seg-1787477975263-av_002.jpg,,,
seg-1787477975263-av_019.jpg,,,
seg-1787478095631-av_012.jpg,,,
seg-1787478155872-av_019.jpg,,,
seg-1787478216154-av_010.jpg,,,
seg-1787478276369-av_010.jpg,,,
seg-1787478456981-av_030.jpg,,,
seg-1787478517157-av_021.jpg,,,
seg-1787478577347-av_028.jpg,,,
seg-1787478697758-av_023.jpg,,,
seg-1787478758339-av_002.jpg,,,
seg-1787478818664-av_010.jpg,,,
seg-1787478878878-av_026.jpg,,,
seg-1787478939103-av_022.jpg,,,
seg-1787478999351-av_004.jpg,,,
seg-1787478999351-av_009.jpg,,,
seg-1787479059573-av_018.jpg,,,
seg-1787479119779-av_019.jpg,,,
seg-1787479240154-av_019.jpg,,,
seg-1787479240154-av_023.jpg,,,
seg-1787479300366-av_007.jpg,,,
seg-1787479300366-av_010.jpg,,,
seg-1787479360609-av_005.jpg,,,
seg-1787479421030-av_012.jpg,,,
seg-1787479481272-av_027.jpg,,,
seg-1787488752837-av_001.jpg,,,
seg-1787488933362-av_008.jpg,,,
seg-1787488993657-av_018.jpg,,,
seg-1787489114207-av_021.jpg,,,
seg-1787489355145-av_029.jpg,,,
seg-1787489535770-av_018.jpg,,,
seg-1787490017798-av_001.jpg,,,
seg-1787490017798-av_002.jpg,,,
seg-1787490077972-av_010.jpg,,,
seg-1787490247501-av_012.jpg,,,
seg-1787490599622-av_009.jpg,,,
seg-1787490599622-av_021.jpg,,,
seg-1787490720053-av_012.jpg,,,
seg-1787490720053-av_026.jpg,,,
seg-1788426025437-av_017.jpg,,,
seg-1788426025437-av_026.jpg,,,
seg-1788426085748-av_013.jpg,,,
seg-1788426145947-av_018.jpg,,,
seg-1788426513456-av_013.jpg,,,
seg-1788433234692-av_005.jpg,,,
seg-1788433234692-av_014.jpg,,,
seg-1788433294853-av_019.jpg,,,
seg-1788433294853-av_027.jpg,,,
seg-1788434809385-av_017.jpg,,,
seg-1788434869621-av_005.jpg,,,
seg-1788434869621-av_013.jpg,,,
seg-1788434929821-av_006.jpg,,,
seg-1788434989959-av_015.jpg,,,
seg-1788434989959-av_026.jpg,,,
seg-1788435050092-av_023.jpg,,,
seg-1788435110312-av_008.jpg,,,
seg-1788435110312-av_030.jpg,,,
seg-1788435351201-av_016.jpg,,,
seg-1788435351201-av_020.jpg,,,
seg-1788435411352-av_026.jpg,,,
seg-1788435652006-av_028.jpg,,,
seg-1788435712152-av_018.jpg,,,
seg-1788435832518-av_003.jpg,,,
seg-1788435952838-av_001.jpg,,,
seg-1788435952838-av_022.jpg,,,
seg-1788436133324-av_009.jpg,,,
seg-1788436193484-av_006.jpg,,,
seg-1788436193484-av_024.jpg,,,
seg-1788436253611-av_002.jpg,,,
seg-1788436253611-av_029.jpg,,,
seg-1788436313826-av_005.jpg,,,
seg-1788453890051-av_001.jpg,,,
seg-1788454010405-av_012.jpg,,,
seg-1788454191013-av_015.jpg,,,
seg-1788454251172-av_021.jpg,,,
seg-1788454311329-av_024.jpg,,,
seg-1788454431663-av_030.jpg,,,
seg-1788454491919-av_007.jpg,,,
seg-1788454491919-av_008.jpg,,,
seg-1788454552072-av_014.jpg,,,
seg-1788454552072-av_026.jpg,,,
seg-1788454732753-av_006.jpg,,,
seg-1788454792957-av_030.jpg,,,
seg-1788454853179-av_002.jpg,,,
seg-1788454913449-av_013.jpg,,,
seg-1788455033913-av_006.jpg,,,
seg-1788455033913-av_022.jpg,,,
seg-1788936866695-av_019.jpg,,,
seg-1788936866695-av_024.jpg,,,
seg-1788936926850-av_006.jpg,,,
seg-1788936987001-av_016.jpg,,,
seg-1788938191468-av_015.jpg,,,
seg-1788938251622-av_014.jpg,,,
seg-1788938311791-av_012.jpg,,,
seg-1788938311791-av_016.jpg,,,
seg-1788938371981-av_002.jpg,,,
seg-1788940154751-av_001.jpg,,,
seg-1788940154751-av_003.jpg,,,
seg-1788940516305-av_027.jpg,,,
seg-1788940576462-av_018.jpg,,,
seg-1788941302005-av_020.jpg,,,
seg-1788942265812-av_009.jpg,,,
seg-1788942506529-av_026.jpg,,,
seg-1788944756262-av_013.jpg,,,
seg-1788944756262-av_022.jpg,,,
seg-1788944816389-av_002.jpg,,,
seg-1788945117566-av_024.jpg,,,
seg-1788945117566-av_026.jpg,,,
seg-1788945358313-av_010.jpg,,,
seg-1788945478655-av_001.jpg,,,
seg-1788945478655-av_018.jpg,,,
seg-1788945539062-av_021.jpg,,,
seg-1788945539062-av_023.jpg,,,
seg-1788945900355-av_004.jpg,,,
seg-1788946682652-av_015.jpg,,,
seg-1788946983622-av_016.jpg,,,
seg-1788948308260-av_001.jpg,,,
seg-1788948308260-av_028.jpg,,,
seg-1788948428744-av_014.jpg,,,
seg-1788948609208-av_015.jpg,,,
seg-1788948790049-av_006.jpg,,,
seg-1788948850253-av_014.jpg,,,
seg-1788948970598-av_019.jpg,,,
